<?xml version="1.0" encoding="utf-8"?>
<odoo>
    <data noupdate="1">

        <record id="access_op_student" model="ir.model.access">
            <field name="name">access.op.student</field>
            <field name="model_id" ref="model_op_student"/>
            <field name="group_id" ref="base.group_user"/>
            <field name="perm_read" eval="1"/>
            <field name="perm_write" eval="1"/>
            <field name="perm_create" eval="1"/>
            <field name="perm_unlink" eval="1"/>
        </record>

        <record id="access_op_course" model="ir.model.access">
            <field name="name">access.op.course</field>
            <field name="model_id" ref="model_op_course"/>
            <field name="group_id" ref="base.group_user"/>
            <field name="perm_read" eval="1"/>
            <field name="perm_write" eval="1"/>
            <field name="perm_create" eval="1"/>
            <field name="perm_unlink" eval="1"/>
        </record>

        <record id="access_op_faculty" model="ir.model.access">
            <field name="name">access.op.faculty</field>
            <field name="model_id" ref="model_op_faculty"/>
            <field name="group_id" ref="base.group_user"/>
            <field name="perm_read" eval="1"/>
            <field name="perm_write" eval="1"/>
            <field name="perm_create" eval="1"/>
            <field name="perm_unlink" eval="1"/>
        </record>

        <record id="access_op_subject" model="ir.model.access">
            <field name="name">access.op.subject</field>
            <field name="model_id" ref="model_op_subject"/>
            <field name="group_id" ref="base.group_user"/>
            <field name="perm_read" eval="1"/>
            <field name="perm_write" eval="1"/>
            <field name="perm_create" eval="1"/>
            <field name="perm_unlink" eval="1"/>
        </record>

        <record id="access_op_batch" model="ir.model.access">
            <field name="name">access.op.batch</field>
            <field name="model_id" ref="model_op_batch"/>
            <field name="group_id" ref="base.group_user"/>
            <field name="perm_read" eval="1"/>
            <field name="perm_write" eval="1"/>
            <field name="perm_create" eval="1"/>
            <field name="perm_unlink" eval="1"/>
        </record>

        <record id="access_op_program_level" model="ir.model.access">
            <field name="name">access.op.program.level</field>
            <field name="model_id" ref="model_op_program_level"/>
            <field name="group_id" ref="base.group_user"/>
            <field name="perm_read" eval="1"/>
            <field name="perm_write" eval="1"/>
            <field name="perm_create" eval="1"/>
            <field name="perm_unlink" eval="1"/>
        </record>

        <record id="access_op_program" model="ir.model.access">
            <field name="name">access.op.program</field>
            <field name="model_id" ref="model_op_program"/>
            <field name="group_id" ref="base.group_user"/>
            <field name="perm_read" eval="1"/>
            <field name="perm_write" eval="1"/>
            <field name="perm_create" eval="1"/>
            <field name="perm_unlink" eval="1"/>
        </record>

        <record id="access_op_department" model="ir.model.access">
            <field name="name">access.op.department</field>
            <field name="model_id" ref="model_op_department"/>
            <field name="group_id" ref="base.group_user"/>
            <field name="perm_read" eval="1"/>
            <field name="perm_write" eval="1"/>
            <field name="perm_create" eval="1"/>
            <field name="perm_unlink" eval="1"/>
        </record>

        <record id="access_op_academic_term" model="ir.model.access">
            <field name="name">access.op.academic.term</field>
            <field name="model_id" ref="model_op_academic_term"/>
            <field name="group_id" ref="base.group_user"/>
            <field name="perm_read" eval="1"/>
            <field name="perm_write" eval="1"/>
            <field name="perm_create" eval="1"/>
            <field name="perm_unlink" eval="1"/>
        </record>

        <record id="access_op_academic_year" model="ir.model.access">
            <field name="name">access.op.academic.year</field>
            <field name="model_id" ref="model_op_academic_year"/>
            <field name="group_id" ref="base.group_user"/>
            <field name="perm_read" eval="1"/>
            <field name="perm_write" eval="1"/>
            <field name="perm_create" eval="1"/>
            <field name="perm_unlink" eval="1"/>
        </record>

    </data>
</odoo>
