<?xml version="1.0" encoding="utf-8"?>
<odoo noupdate="1">
        <record id="academic_year_1" model="op.academic.year">
            <field name="name">2021-2022</field>
            <field name="start_date">2021-11-20</field>
            <field name="end_date">2022-10-20</field>
        </record>

        <record id="academic_year_2" model="op.academic.year">
            <field name="name">2022-2023</field>
            <field name="start_date">2022-11-20</field>
            <field name="end_date">2023-10-20</field>
        </record>

        <record id="academic_year_3" model="op.academic.year">
            <field name="name">2020-2021</field>
            <field name="term_structure">two_sem_qua</field>
            <field name="start_date">2020-02-01</field>
            <field name="end_date">2021-01-31</field>
        </record>
         <record id="academic_year_4" model="op.academic.year">
            <field name="name">2023-2024</field>
            <field name="term_structure">two_sem_qua</field>
            <field name="start_date">2023-02-01</field>
            <field name="end_date">2024-01-31</field>
        </record>
        <record id="academic_year_5" model="op.academic.year">
            <field name="name">2024-2025</field>
            <field name="term_structure">two_sem_qua</field>
            <field name="start_date">2024-02-01</field>
            <field name="end_date">2025-01-31</field>
        </record>
        <record id="academic_year_6" model="op.academic.year">
            <field name="name">2025-2026</field>
            <field name="term_structure">two_sem_qua</field>
            <field name="start_date">2025-04-01</field>
            <field name="end_date">2026-03-31</field>
        </record>
</odoo>
