<?xml version="1.0" encoding="utf-8"?>
<odoo noupdate="1">
        <record id="academic_term_1" model="op.academic.term">
            <field name="name">1st Semester</field>
            <field name="term_start_date">2021-11-20</field>
            <field name="term_end_date">2022-05-06</field>
            <field name="academic_year_id" ref="openeducat_core.academic_year_1"/>
        </record>
        <record id="academic_term_2" model="op.academic.term">
            <field name="name">2nd Semester</field>
            <field name="term_start_date">2021-05-07</field>
            <field name="term_end_date">2022-10-20</field>
            <field name="academic_year_id" ref="openeducat_core.academic_year_1"/>
        </record>

        <record id="academic_term_3" model="op.academic.term">
            <field name="name">3rd Semester</field>
            <field name="term_start_date">2022-11-20</field>
            <field name="term_end_date">2023-05-06</field>
            <field name="academic_year_id" ref="openeducat_core.academic_year_2"/>
        </record>

        <record id="academic_term_4" model="op.academic.term">
            <field name="name">4th Semester</field>
            <field name="term_start_date">2022-05-07</field>
            <field name="term_end_date">2023-10-20</field>
            <field name="academic_year_id" ref="openeducat_core.academic_year_2"/>
        </record>

        <record id="academic_term_5" model="op.academic.term">
            <field name="name">Semester 1</field>
            <field name="term_start_date">2020-02-01</field>
            <field name="term_end_date">2020-08-02</field>
            <field name="academic_year_id" ref="openeducat_core.academic_year_3"/>
        </record>

        <record id="academic_term_6" model="op.academic.term">
            <field name="name">Quarter 1</field>
            <field name="term_start_date">2020-02-01</field>
            <field name="term_end_date">2020-05-03</field>
            <field name="academic_year_id" ref="openeducat_core.academic_year_3"/>
            <field name="parent_term" ref="openeducat_core.academic_term_5"/>
        </record>

        <record id="academic_term_7" model="op.academic.term">
            <field name="name">Quarter 2</field>
            <field name="term_start_date">2020-05-04</field>
            <field name="term_end_date">2020-08-02</field>
            <field name="academic_year_id" ref="openeducat_core.academic_year_3"/>
            <field name="parent_term" ref="openeducat_core.academic_term_5"/>
        </record>

        <record id="academic_term_8" model="op.academic.term">
            <field name="name">Semester 2</field>
            <field name="term_start_date">2020-08-03</field>
            <field name="term_end_date">2021-01-31</field>
            <field name="academic_year_id" ref="openeducat_core.academic_year_3"/>
        </record>

        <record id="academic_term_9" model="op.academic.term">
            <field name="name">Quarter 3</field>
            <field name="term_start_date">2020-08-03</field>
            <field name="term_end_date">2020-11-02</field>
            <field name="academic_year_id" ref="openeducat_core.academic_year_3"/>
            <field name="parent_term" ref="openeducat_core.academic_term_8"/>
        </record>

        <record id="academic_term_10" model="op.academic.term">
            <field name="name">Quarter 4</field>
            <field name="term_start_date">2020-11-03</field>
            <field name="term_end_date">2021-01-31</field>
            <field name="academic_year_id" ref="openeducat_core.academic_year_3"/>
            <field name="parent_term" ref="openeducat_core.academic_term_8"/>
        </record>
        <record id="academic_term_11" model="op.academic.term">
            <field name="name">Semester 1</field>
            <field name="term_start_date">2025-02-01</field>
            <field name="term_end_date">2025-08-02</field>
            <field name="academic_year_id" ref="openeducat_core.academic_year_6"/>
        </record>

        <record id="academic_term_12" model="op.academic.term">
            <field name="name">Quarter 1</field>
            <field name="term_start_date">2025-02-01</field>
            <field name="term_end_date">2025-05-03</field>
            <field name="academic_year_id" ref="openeducat_core.academic_year_6"/>
            <field name="parent_term" ref="openeducat_core.academic_term_11"/>
        </record>

        <record id="academic_term_13" model="op.academic.term">
            <field name="name">Quarter 2</field>
            <field name="term_start_date">2025-05-04</field>
            <field name="term_end_date">2025-08-02</field>
            <field name="academic_year_id" ref="openeducat_core.academic_year_6"/>
            <field name="parent_term" ref="openeducat_core.academic_term_11"/>
        </record>

        <record id="academic_term_14" model="op.academic.term">
            <field name="name">Semester 2</field>
            <field name="term_start_date">2025-08-03</field>
            <field name="term_end_date">2026-01-31</field>
            <field name="academic_year_id" ref="openeducat_core.academic_year_6"/>
        </record>

        <record id="academic_term_15" model="op.academic.term">
            <field name="name">Quarter 3</field>
            <field name="term_start_date">2025-08-03</field>
            <field name="term_end_date">2025-11-02</field>
            <field name="academic_year_id" ref="openeducat_core.academic_year_6"/>
            <field name="parent_term" ref="openeducat_core.academic_term_14"/>
        </record>

        <record id="academic_term_16" model="op.academic.term">
            <field name="name">Quarter 4</field>
            <field name="term_start_date">2025-11-03</field>
            <field name="term_end_date">2026-01-31</field>
            <field name="academic_year_id" ref="openeducat_core.academic_year_6"/>
            <field name="parent_term" ref="openeducat_core.academic_term_14"/>
        </record>
</odoo>
