id,name,model_id:id,group_id:id,perm_read,perm_write,perm_create,perm_unlink
access_op_student_student,op_student_student,model_op_student,group_op_back_office_admin,1,1,1,1
access_op_student_faculty,op_student_faculty,model_op_student,group_op_faculty,1,1,0,0
access_res_partner_title_admin,res_partner_title_admin,base.model_res_partner_title,group_op_back_office_admin,1,1,1,1
access_res_partner_title_faculty,res_partner_title_faculty,base.model_res_partner_title,group_op_faculty,1,0,0,0
access_op_course_faculty,name_op_course_faculty,model_op_course,group_op_faculty,1,1,1,0
access_op_course_back_office_admin,name_op_course_back_office_admin,model_op_course,group_op_back_office_admin,1,1,1,1
access_op_batch_faculty,name_op_batch_faculty,model_op_batch,group_op_faculty,1,1,1,0
access_op_batch_back_office_admin,name_op_batch_back_office_admin,model_op_batch,group_op_back_office_admin,1,1,1,1
access_op_res_partner_faculty,name_op_res_partner_faculty,base.model_res_partner,group_op_faculty,1,1,1,0
access_op_res_partner_student,name_op_res_partner_student,base.model_res_partner,group_op_back_office_admin,1,1,1,1
access_op_res_country_student,name_op_res_country_student,base.model_res_country,group_op_back_office_admin,1,1,1,1
access_op_res_country_faculty,name_op_res_country_faculty,base.model_res_country,group_op_faculty,1,0,0,0
access_op_subject_faculty,name_op_subject_faculty,model_op_subject,group_op_faculty,1,0,0,0
access_op_subject_back_office_admin,name_op_subject_back_office_admin,model_op_subject,group_op_back_office_admin,1,1,1,1
access_op_faculty_faculty,op_faculty_faculty,model_op_faculty,group_op_faculty,1,0,0,0
access_op_faculty_back_office_admin,name_op_faculty_back_office_admin,model_op_faculty,group_op_back_office_admin,1,1,1,1
access_op_category_faculty,name_op_category_faculty,model_op_category,group_op_faculty,1,1,1,0
access_op_category_back_office_admin,name_op_category_back_office_admin,model_op_category,group_op_back_office_admin,1,1,1,1
access_op_student_course_faculty,name_op_student_course_faculty,model_op_student_course,group_op_faculty,1,1,1,0
access_op_student_course_back_office_admin,name_op_student_course_back_office_admin,model_op_student_course,group_op_back_office_admin,1,1,1,1
access_hr_employee_student,name_hr_employee_student,hr.model_hr_employee,group_op_back_office_admin,1,0,0,0
access_hr_employee_back_office,name_hr_employee_back_office,hr.model_hr_employee,group_op_back_office_admin,1,1,1,0
access_resource_resource_back_office_admin,name_resource_resource_back_office_admin,resource.model_resource_resource,group_op_back_office_admin,1,1,1,0
access_op_subject_registration_faculty,access_op_subject_registration_faculty,model_op_subject_registration,group_op_faculty,1,1,1,0
access_op_subject_registration_back_office_admin,access_op_subject_registration_back_office_admin,model_op_subject_registration,group_op_back_office_admin,1,1,1,1
access_op_department_back_office_admin,access_op_department,model_op_department,openeducat_core.group_op_back_office_admin,1,1,1,1
access_op_department_faculty,access_op_department,model_op_department,openeducat_core.group_op_faculty,1,0,0,0
access_wizard_op_faculty_employee,name_wizard_op_faculty_employee,model_wizard_op_faculty_employee,group_op_back_office_admin,1,1,1,1
access_wizard_op_faculty,name_wizard_op_faculty,model_wizard_op_faculty,group_op_back_office_admin,1,1,1,1
access_wizard_op_student,name_wizard_op_student,model_wizard_op_student,group_op_back_office_admin,1,1,1,1
access_op_academic_term_back_office_admin,access_op_academic_term_back_office_admin,model_op_academic_term,openeducat_core.group_op_back_office_admin,1,1,1,1
access_op_academic_term_faculty,access_op_academic_term_faculty,model_op_academic_term,openeducat_core.group_op_faculty,1,0,0,0
access_op_academic_year_back_office_admin,access_op_academic_year_back_office_admin,model_op_academic_year,openeducat_core.group_op_back_office_admin,1,1,1,1
access_op_academic_year_faculty,access_op_academic_year_faculty,model_op_academic_year,openeducat_core.group_op_faculty,1,0,0,0
access_op_program_back_office_admin,access_op_program_back_office_admin,model_op_program,openeducat_core.group_op_back_office_admin,1,1,1,1
access_op_program_faculty,access_op_program_faculty,model_op_program,openeducat_core.group_op_faculty,1,0,0,0
access_op_program_level_back_office_admin,access_op_program_level_back_office_admin,model_op_program_level,openeducat_core.group_op_back_office_admin,1,1,1,1
access_op_program_level_faculty,access_op_program_level_faculty,model_op_program_level,openeducat_core.group_op_faculty,1,0,0,0
access_bonafide_certificate_wizard_back_office_admin,access_bonafide_certificate_wizard_back_office_admin,model_bonafide_certificate_wizard,openeducat_core.group_op_back_office_admin,1,1,1,1
access_bonafide_certificate_wizard_faculty,access_bonafide_certificate_wizard_faculty,model_bonafide_certificate_wizard,openeducat_core.group_op_faculty,1,1,1,0
