<templates>
    <t t-name="openeducat_core.g2_review_dialog">
        <Dialog title="title" size="'md'" footer="false" header="false" bodyClass="'p-0'">
            <div class="g2_review_container">
                <div class="s_popup_close js_close_popup o_we_no_overlay o_not_editable" t-on-click="()=>this.onClose()" aria-label="Close">&#215;</div>
                <section class="">
                    <a href="#" id="write_g2_review" t-on-click="()=>this.onClickG2Review()">
                        <img class="img img-fluid g2_image" src="https://www.openeducat.org/theme_openeducat/static/src/img/g2_promo_image.svg"/>
                    </a>
                </section>
            </div>
        </Dialog>
    </t>
</templates>
